{
  "model_config": {
    "model_name": "SLM v03 (Llama 3.2 1B Architecture)",
    "dataset": "WikiText-2",
    "total_parameters": 46801408,
    "trainable_parameters": 46801408,
    "model_size_mb": 178.5,
    "architecture": {
      "hidden_size": 512,
      "num_layers": 8,
      "num_attention_heads": 16,
      "num_key_value_heads": 4,
      "vocabulary_size": 32000,
      "max_position_embeddings": 2048,
      "sequence_length": 512
    },
    "training_config": {
      "batch_size": 4,
      "gradient_accumulation_steps": 4,
      "effective_batch_size": 16,
      "learning_rate": 0.0005,
      "weight_decay": 0.1,
      "warmup_steps": 500,
      "epochs": 3
    },
    "dataset_stats": {
      "training_samples": 20657,
      "eval_samples": 2154,
      "original_train_texts": 16184,
      "original_eval_texts": 1728
    }
  },
  "training_data": {
    "steps": [
      1,
      2,
      3,
      4,
      5,
      6,
      7,
      8,
      9,
      10,
      11,
      12,
      13,
      14,
      15,
      16,
      17,
      18,
      19,
      20,
      21,
      22,
      23,
      24,
      25,
      26,
      27,
      28,
      29,
      30,
      31,
      32,
      33,
      34,
      35,
      36,
      37,
      38,
      39,
      40,
      41,
      42,
      43,
      44,
      45,
      46,
      47,
      48,
      49,
      50,
      51,
      52,
      53,
      54,
      55,
      56,
      57,
      58,
      59,
      60,
      61,
      62,
      63,
      64,
      65,
      66,
      67,
      68,
      69,
      70,
      71,
      72,
      73,
      74,
      75,
      76,
      77,
      78,
      79,
      80,
      81,
      82,
      83,
      84,
      85,
      86,
      87,
      88,
      89,
      90,
      91,
      92,
      93,
      94,
      95,
      96,
      97,
      98,
      99,
      100
    ],
    "losses": [
      10.5411,
      9.3133,
      8.1093,
      7.5133,
      7.198,
      6.7893,
      6.4485,
      6.1701,
      5.6899,
      5.4535,
      4.9991,
      4.6752,
      4.4434,
      4.1167,
      3.9283,
      3.9026,
      3.6191,
      3.5014,
      3.3733,
      3.3111,
      3.5089612900877354,
      3.1744017974861083,
      3.143833855761395,
      3.23775505230078,
      3.619734767615338,
      3.1694117929839174,
      3.319285647112234,
      3.6427026668081597,
      2.9930412444542007,
      3.0326019509642776,
      3.124510669837251,
      3.435201671671808,
      3.424902268687467,
      3.2561931103891384,
      3.545623067776901,
      3.7206687642196816,
      3.5957413670773026,
      2.953675658049247,
      3.264962589647395,
      3.219586125777873,
      2.943732017950088,
      3.0823726830858975,
      3.1737536475722137,
      3.297497310481928,
      3.152799580054788,
      3.2520816120008966,
      3.262712189766057,
      3.4556535555123244,
      3.1937527719081653,
      3.4315363212093946,
      3.26504691098949,
      3.2756907235190775,
      3.2748147213183567,
      3.2836769696030963,
      3.2060502593007287,
      3.510884786413528,
      3.2995742396542798,
      3.1950052442345913,
      3.347315525639081,
      3.5244487839215317,
      3.254256514321128,
      3.576909033632065,
      3.6080150605527734,
      3.164740130042904,
      3.2775967331446823,
      3.6643337144511916,
      3.3643353168664754,
      3.2446104354769076,
      3.293642458412276,
      3.3217859499446725,
      3.176167845774809,
      3.038731367127242,
      3.334808186457718,
      3.1438295084307417,
      3.391948452256005,
      3.134591374624752,
      3.2289197978678454,
      3.16536118480472,
      3.1851943957200453,
      3.4202667789131214,
      3.4281221006629994,
      3.144592764743665,
      3.15467798688282,
      3.4237756541331854,
      3.198479594584132,
      3.1080083392366675,
      3.0059543640708473,
      3.3547112269950468,
      3.3130762282008175,
      3.303293584080959,
      3.3952331206310884,
      2.9325514016983076,
      3.476028504316046,
      3.2807905430981266,
      3.3839747500104593,
      3.2650746010652063,
      3.290571827445528,
      3.3671320654507735,
      3.0374332764545744,
      3.4419635245081017
    ],
    "learning_rates": [
      0.0004999987663004646,
      0.0004999950652140343,
      0.0004999888967772375,
      0.0004999802610509541,
      0.0004999691581204152,
      0.0004999555880952023,
      0.000499939551109246,
      0.000499921047320825,
      0.0004999000769125642,
      0.0004998766400914329,
      0.0004998507370887433,
      0.0004998223681601474,
      0.000499791533585635,
      0.0004997582336695312,
      0.0004997224687404926,
      0.0004996842391515044,
      0.0004996435452798775,
      0.0004996003875272438,
      0.000499554766319553,
      0.0004995066821070679,
      0.0004994561353643604,
      0.0004994031265903063,
      0.0004993476563080809,
      0.0004992897250651535,
      0.000499229333433282,
      0.0004991664820085074,
      0.000499101171411148,
      0.0004990334022857932,
      0.0004989631753012964,
      0.00049889049115077,
      0.0004988153505515771,
      0.0004987377542453251,
      0.0004986577029978581,
      0.0004985751975992497,
      0.0004984902388637949,
      0.0004984028276300021,
      0.0004983129647605849,
      0.0004982206511424534,
      0.000498125887686706,
      0.0004980286753286195,
      0.0004979290150276407,
      0.0004978269077673766,
      0.0004977223545555847,
      0.0004976153564241628,
      0.0004975059144291394,
      0.0004973940296506627,
      0.0004972797031929904,
      0.0004971629361844785,
      0.0004970437297775702,
      0.0004969220851487844,
      0.0004967980034987048,
      0.000496671486051967,
      0.0004965425340572472,
      0.0004964111487872495,
      0.0004962773315386935,
      0.0004961410836323014,
      0.0004960024064127849,
      0.0004958613012488324,
      0.0004957177695330948,
      0.0004955718126821722,
      0.0004954234321365998,
      0.0004952726293608335,
      0.0004951194058432361,
      0.0004949637630960618,
      0.0004948057026554415,
      0.000494645226081368,
      0.0004944823349576805,
      0.0004943170308920483,
      0.0004941493155159562,
      0.0004939791904846869,
      0.0004938066574773058,
      0.0004936317181966443,
      0.0004934543743692822,
      0.0004932746277455317,
      0.0004930924800994192,
      0.0004929079332286685,
      0.0004927209889546828,
      0.0004925316491225265,
      0.0004923399156009073,
      0.0004921457902821578,
      0.0004919492750822163,
      0.0004917503719406087,
      0.0004915490828204287,
      0.0004913454097083185,
      0.0004911393546144495,
      0.0004909309195725024,
      0.0004907201066396469,
      0.0004905069178965214,
      0.000490291355447213,
      0.0004900734214192358,
      0.0004898531179635108,
      0.0004896304472543439,
      0.0004894054114894055,
      0.0004891780128897077,
      0.0004889482536995825,
      0.0004887161361866607,
      0.0004884816626418484,
      0.0004882448353793048,
      0.00048800565673641917,
      0.0004877641290737884
    ],