{
  "train_losses": [
    4.680362701416016,
    4.544310569763184,
    4.380431175231934,
    4.092519283294678,
    3.9673521518707275,
    3.806635856628418,
    3.7727854251861572,
    3.3636302947998047,
    3.161989212036133,
    3.1537067890167236,
    3.0443732738494873,
    2.911235809326172,
    2.7483184337615967,
    2.318721055984497,
    2.2869553565979004,
    2.586042881011963,
    2.0717151165008545,
    1.7543004751205444,
    1.685238003730774,
    1.687806487083435,
    1.566805362701416,
    1.6613394021987915,
    1.5112360715866089,
    1.6741013526916504,
    1.2868300676345825,
    1.0892690420150757,
    1.1217093467712402,
    1.0935769081115723,
    0.8904154300689697,
    0.9789447784423828,
    0.9600616693496704,
    1.1281441450119019,
    0.7618740797042847,
    0.7238928079605103,
    0.8039393424987793,
    0.7955921292304993,
    0.7835767865180969,
    0.7660924792289734,
    0.5584409832954407,
    0.6036880612373352,
    0.8177578449249268,
    0.5778729319572449,
    0.47000381350517273,
    0.5025831460952759,
    0.515575110912323,
    0.47123804688453674,
    0.5121704936027527,
    0.5077832937240601,
    0.5393082499504089,
    0.44280001521110535,
    0.3880476653575897,
    0.40459713339805603,
    0.3824933171272278,
    0.3424152731895447,
    0.3906101584434509,
    0.37448635697364807,
    0.44084635376930237,
    0.33345144987106323,
    0.3288903534412384,
    0.34798264503479004,
    0.361499160528183,
    0.34960493445396423,
    0.3430003523826599,
    0.28115135431289673,
    0.3025057911872864,
    0.3756973445415497,
    0.2875020205974579,
    0.26492783427238464,
    0.2743343710899353,
    0.28405794501304626,
    0.2618050277233124,
    0.28064876794815063,
    0.2828616797924042,
    0.2707727253437042,
    0.25119808316230774
  ],
  "val_losses": [
    1.1199665069580078,
    0.34220096468925476,
    0.20795118808746338
  ],
  "epochs": [
    0,
    1,
    2
  ],
  "steps": [
    0,
    5,
    10,
    15,
    20,
    25,
    30,
    35,
    40,
    45,
    50,
    55,
    60,
    65,
    70,
    75,
    80,
    85,
    90,
    95,
    100,
    105,
    110,
    115,
    120,
    125,
    130,
    135,
    140,
    145,
    150,
    155,
    160,
    165,
    170,
    175,
    180,
    185,
    190,
    195,
    200,
    205,
    210,
    215,
    220,
    225,
    230,
    235,
    240,
    245,
    250,
    255,
    260,
    265,
    270,
    275,
    280,
    285,
    290,
    295,
    300,
    305,
    310,
    315,
    320,
    325,
    330,
    335,
    340,
    345,
    350,
    355,
    360,
    365,
    370
  ],
  "timestamps": [
    0.06965470314025879,
    0.09017395973205566,
    0.1112058162689209,
    0.1314077377319336,
    0.151749849319458,
    0.1723778247833252,
    0.19342589378356934,
    0.21344375610351562,
    0.23395371437072754,
    0.2538769245147705,
    0.27327489852905273,
    0.2932558059692383,
    0.3133409023284912,
    0.3342447280883789,
    0.35512661933898926,
    0.3753528594970703,
    0.39565277099609375,
    0.4166867733001709,
    0.4367249011993408,
    0.4565236568450928,
    0.47699785232543945,
    0.4974799156188965,
    0.5183849334716797,
    0.5390968322753906,
    0.5596697330474854,
    0.5773687362670898,
    0.5970687866210938,
    0.6174149513244629,
    0.6373896598815918,
    0.6582827568054199,
    0.6791670322418213,
    0.6993815898895264,
    0.7206048965454102,
    0.7414028644561768,
    0.7622489929199219,
    0.7831308841705322,
    0.8039848804473877,
    0.8249616622924805,
    0.8459899425506592,
    0.8666267395019531,
    0.8882458209991455,
    0.9087967872619629,
    0.9297659397125244,
    0.9508938789367676,
    0.9722607135772705,
    0.9916176795959473,
    1.011563777923584,
    1.0326998233795166,
    1.0539608001708984,
    1.0751209259033203,
    1.093554973602295,
    1.1150918006896973,
    1.1376457214355469,
    1.158977746963501,
    1.1803200244903564,
    1.2010927200317383,
    1.2223618030548096,
    1.2431938648223877,
    1.2640628814697266,
    1.284688949584961,
    1.305710792541504,
    1.3271138668060303,
    1.3479208946228027,
    1.3687639236450195,
    1.3895199298858643,
    1.4105868339538574,
    1.4316129684448242,
    1.4523358345031738,
    1.4729118347167969,
    1.4938130378723145,
    1.514847993850708,
    1.5356569290161133,
    1.5566778182983398,
    1.5775508880615234,
    1.6154818534851074
  ]
}